DROP TABLE IF EXISTS systemvalues;
CREATE TABLE systemvalues(name varchar(30) not null,sysvalue varchar(200) not null, comparetype varchar(20) not null, score varchar(10) not null);
INSERT INTO systemvalues VALUES('QALWOBJRST','*ALWPTF','EQUALS','GREEN');
INSERT INTO systemvalues VALUES('QALWOBJRST','*ALL','EQUALS','GREEN');
INSERT INTO systemvalues VALUES('QALWUSRDMN','*ALL','EQUALS','GREEN');
INSERT INTO systemvalues VALUES('QAUDCTL','*AUDLVL *NOQTEMP *OBJAUD','EQUALS','GREEN');
INSERT INTO systemvalues VALUES('QAUDCTL','*NONE','EQUALS','RED');
INSERT INTO systemvalues VALUES('QAUDENDACN','*NOTIFY','EQUALS','GREEN');
INSERT INTO systemvalues VALUES('QAUDFRCLVL','*SYS','EQUALS','GREEN');
INSERT INTO systemvalues VALUES('QAUDLVL','*AUTFAIL *CREATE *DELETE *JOBDTA *NETCMN *OBJMGT *PGMFAIL *SAVRST *SECURITY *SERVICE *SYSMGT','EQUALS','GREEN');
INSERT INTO systemvalues VALUES('QAUDLVL2','*NONE','EQUALS','GREEN');
INSERT INTO systemvalues VALUES('QCRTAUT','*EXCLUDE','EQUALS','GREEN');
INSERT INTO systemvalues VALUES('QCRTAUT','*USE','EQUALS','RED');
INSERT INTO systemvalues VALUES('QCRTAUT','*CHANGE','EQUALS','RED');
INSERT INTO systemvalues VALUES('QCRTOBJAUD','*NONE','EQUALS','GREEN');
INSERT INTO systemvalues VALUES('QDSPSGNINF','1','EQUALS','GREEN');
INSERT INTO systemvalues VALUES('QDSPSGNINF','0','EQUALS','YELLOW');
INSERT INTO systemvalues VALUES('QFRCCVNRST','1','EQUALS','YELLOW');
INSERT INTO systemvalues VALUES('QFRCCVNRST','3','EQUALS','GREEN');
INSERT INTO systemvalues VALUES('QINACTITV','30','LOWEREQUAL','GREEN');
INSERT INTO systemvalues VALUES('QINACTITV','*NONE','EQUALS','RED');
INSERT INTO systemvalues VALUES('QINACTMSGQ','*ENDJOB','EQUALS','GREEN');
INSERT INTO systemvalues VALUES('QLMTDEVSSN','0','EQUALS','GREEN');
INSERT INTO systemvalues VALUES('QLMTSECOFR','1','LOWEREQUAL','GREEN');
INSERT INTO systemvalues VALUES('QMAXSGNACN','2','EQUALS','GREEN');
INSERT INTO systemvalues VALUES('QMAXSGNACN','3','EQUALS','GREEN');
INSERT INTO systemvalues VALUES('QMAXSIGN','3','LOWEREQUAL','GREEN');
INSERT INTO systemvalues VALUES('QPWDCHGBLK','24','EQUALS','GREEN');
INSERT INTO systemvalues VALUES('QPWDCHGBLK','*NONE','EQUALS','RED');
INSERT INTO systemvalues VALUES('QPWDEXPITV','30','LOWEREQUAL','GREEN');
INSERT INTO systemvalues VALUES('QPWDEXPITV','*NONE','EQUALS','RED');
INSERT INTO systemvalues VALUES('QPWDEXPWRN','7','LOWEREQUAL','GREEN');
INSERT INTO systemvalues VALUES('QPWDLMTAJC','1','LOWEREQUAL','GREEN');
INSERT INTO systemvalues VALUES('QPWDLVL','3','EQUALS','GREEN');
INSERT INTO systemvalues VALUES('QPWDLVL','2','EQUALS','YELLOW');
INSERT INTO systemvalues VALUES('QPWDLVL','1','LOWEREQUAL','RED');
INSERT INTO systemvalues VALUES('QPWDMAXLEN','10','GREATEREQUAL','GREEN');
INSERT INTO systemvalues VALUES('QPWDMINLEN','8','GREATEREQUAL','GREEN');
INSERT INTO systemvalues VALUES('QPWDRQDDGT','1','EQUALS','GREEN');
INSERT INTO systemvalues VALUES('QPWDRQDDIF','1','GREATEREQUAL','GREEN');
INSERT INTO systemvalues VALUES('QPWDRULES','*LMTPRFNAME *ALLCRTCHG','CONTAINS','GREEN');
INSERT INTO systemvalues VALUES('QRETSVRSEC','1','EQUALS','GREEN');
INSERT INTO systemvalues VALUES('QRMTSIGN','*VERIFY','EQUALS','GREEN');
INSERT INTO systemvalues VALUES('QRMTSIGN','*FRCSIGNON','EQUALS','GREEN');
INSERT INTO systemvalues VALUES('QSCANFS','*ROOTOPNUD','EQUALS','GREEN');
INSERT INTO systemvalues VALUES('QSCANFSCTL','*NONE','EQUALS','GREEN');
INSERT INTO systemvalues VALUES('QSECURITY','40','GREATEREQUAL','GREEN');
INSERT INTO systemvalues VALUES('QSHRMEMCTL','1','LOWEREQUAL','GREEN');
INSERT INTO systemvalues VALUES('QSSLCSL','*RSA_RC4_128_SHA *RSA_RC4_128_MD5 *RSA_3DES_EDE_CBC_SHA *RSA_DES_CBC_SHA *RSA_EXPORT_RC4_40_MD5 *RSA_EXPORT_RC2_CBC_40_MD5 *RSA_NULL_SHA *RSA_NULL_MD5','DOESNOTCONTAIN','GREEN');
INSERT INTO systemvalues VALUES('QSSLCSLCTL','*USRDFN','EQUALS','GREEN');
INSERT INTO systemvalues VALUES('QSSLPCL','*OPSYS','EQUALS','GREEN');
INSERT INTO systemvalues VALUES('QUSEADPAUT','*NONE','EQUALS','GREEN');
INSERT INTO systemvalues VALUES('QVFYOBJRST','3','EQUALS','GREEN');
INSERT INTO systemvalues VALUES('QAUTOCFG','*NONE','EQUALS','GREEN');
INSERT INTO systemvalues VALUES('QAUTORMT','0','EQUALS','GREEN');
INSERT INTO systemvalues VALUES('QDEVRCYACN','*ENDJOBNOLIST','EQUALS','GREEN');
INSERT INTO systemvalues VALUES('QDSCJOBITV','5','LOWEREQUAL','GREEN');
INSERT INTO systemvalues VALUES('QRMTSRVATR','0','EQUALS','GREEN');
INSERT INTO systemvalues VALUES('QATNPGM','*NONE','EQUALS','GREEN');

DROP TABLE IF EXISTS systemvaluetypes;
CREATE TABLE systemvaluetypes(name varchar(30) primary key not null,expectedvalue varchar(200) not null, description varchar(300) not null);
INSERT INTO systemvaluetypes VALUES('QALWOBJRST','*ALL / *ALLPTFs','description');
INSERT INTO systemvaluetypes VALUES('QALWUSRDMN','*ALL','description');
INSERT INTO systemvaluetypes VALUES('QAUDCTL','*AUDLVL<br>*NOQTEMP<br>*OBJAUD','description');
INSERT INTO systemvaluetypes VALUES('QAUDENDACN','*NOTIFY','description');
INSERT INTO systemvaluetypes VALUES('QAUDFRCLVL','*SYS','description');
INSERT INTO systemvaluetypes VALUES('QAUDLVL','*AUTFAIL<br>*CREATE<br>*DELETE<br>*JOBDTA<br>*NETCMN<br>*OBJMGT<br>*PGMFAIL<br>*SAVRST<br>*SECURITY<br>*SERVICE<br>*SYSMGT','description');
INSERT INTO systemvaluetypes VALUES('QAUDLVL2','*NONE','description');
INSERT INTO systemvaluetypes VALUES('QCRTAUT','*EXCLUDE','description');
INSERT INTO systemvaluetypes VALUES('QCRTOBJAUD','*NONE','description');
INSERT INTO systemvaluetypes VALUES('QDSPSGNINF','1','description');
INSERT INTO systemvaluetypes VALUES('QFRCCVNRST','3','description');
INSERT INTO systemvaluetypes VALUES('QINACTITV','30 or less','description');
INSERT INTO systemvaluetypes VALUES('QINACTMSGQ','*ENDJOB','description');
INSERT INTO systemvaluetypes VALUES('QLMTDEVSSN','0','description');
INSERT INTO systemvaluetypes VALUES('QLMTSECOFR','0 / 1','description');
INSERT INTO systemvaluetypes VALUES('QMAXSGNACN','2 / 3','description');
INSERT INTO systemvaluetypes VALUES('QMAXSIGN','3 or less','description');
INSERT INTO systemvaluetypes VALUES('QPWDCHGBLK','24','description');
INSERT INTO systemvaluetypes VALUES('QPWDEXPITV','30 or less','description');
INSERT INTO systemvaluetypes VALUES('QPWDEXPWRN','7 or less','description');
INSERT INTO systemvaluetypes VALUES('QPWDLMTAJC','0 / 1','description');
INSERT INTO systemvaluetypes VALUES('QPWDLVL','3','description');
INSERT INTO systemvaluetypes VALUES('QPWDMAXLEN','10 or more','description');
INSERT INTO systemvaluetypes VALUES('QPWDMINLEN','8 or more','description');
INSERT INTO systemvaluetypes VALUES('QPWDRQDDGT','1','description');
INSERT INTO systemvaluetypes VALUES('QPWDRQDDIF','1','description');
INSERT INTO systemvaluetypes VALUES('QPWDRULES','must contain *LMTPRFNAME and *ALLCRTCHG (V7R3)','description');
INSERT INTO systemvaluetypes VALUES('QRETSVRSEC','1','description');
INSERT INTO systemvaluetypes VALUES('QRMTSIGN','*VERIFY / *FRCSIGNON','description');
INSERT INTO systemvaluetypes VALUES('QSCANFS','*ROOTOPNUD','description');
INSERT INTO systemvaluetypes VALUES('QSCANFSCTL','*NONE','description');
INSERT INTO systemvaluetypes VALUES('QSECURITY','40 or 50','description');
INSERT INTO systemvaluetypes VALUES('QSHRMEMCTL','0 / 1','description');
INSERT INTO systemvaluetypes VALUES('QSSLCSL','*RSA_AES_256_CBC_SHA or stronger','description');
INSERT INTO systemvaluetypes VALUES('QSSLCSLCTL','*USRDFN','description');
INSERT INTO systemvaluetypes VALUES('QSSLPCL','*OPSYS','description');
INSERT INTO systemvaluetypes VALUES('QUSEADPAUT','*NONE','description');
INSERT INTO systemvaluetypes VALUES('QVFYOBJRST','3','description');
INSERT INTO systemvaluetypes VALUES('QAUTOCFG','*NONE','description');
INSERT INTO systemvaluetypes VALUES('QAUTORMT','0','description');
INSERT INTO systemvaluetypes VALUES('QDEVRCYACN','*ENDJOBNOLIST','description');
INSERT INTO systemvaluetypes VALUES('QDSCJOBITV','5 or less','description');
INSERT INTO systemvaluetypes VALUES('QRMTSRVATR','0','description');
INSERT INTO systemvaluetypes VALUES('QATNPGM','*NONE','description');

DROP TABLE IF EXISTS genericdescriptions;
CREATE TABLE genericdescriptions(area varchar(30) primary key not null,score varchar(10) not null, explanation varchar(500) not null);
INSERT INTO genericdescriptions VALUES('insecureports','YELLOW','The scanned system is listening on insecure port numbers, while their SSL equivalets are available but are not enforced for use.<br><br>Following insecure ports were in listening state:<br>');

DROP TABLE IF EXISTS insecureports;
CREATE TABLE insecureports(portnumber varchar(9) primary key not null);
INSERT INTO insecureports VALUES('21/tcp');
INSERT INTO insecureports VALUES('23/tcp');
INSERT INTO insecureports VALUES('80/tcp');
INSERT INTO insecureports VALUES('137/tcp');
INSERT INTO insecureports VALUES('447/tcp');
INSERT INTO insecureports VALUES('2001/tcp');
INSERT INTO insecureports VALUES('5555/tcp');
INSERT INTO insecureports VALUES('8470/tcp');
INSERT INTO insecureports VALUES('8471/tcp');
INSERT INTO insecureports VALUES('8472/tcp');
INSERT INTO insecureports VALUES('8473/tcp');
INSERT INTO insecureports VALUES('8474/tcp');
INSERT INTO insecureports VALUES('8475/tcp');
INSERT INTO insecureports VALUES('8476/tcp');